http://data.gov.ro/dataset/siruta,data_gov_ro.siruta
http://data.gov.ro/dataset/nomenclator-strazi-judetul-constanta,data_gov_ro.streets
http://data.gov.ro/dataset/nomenclator-strazi-judetul-cluj,data_gov_ro.streets
http://data.gov.ro/dataset/nomenclator-strazi-judetul-suceava,data_gov_ro.streets
http://data.gov.ro/dataset/nomenclator-strazi-judetul-dambovita,data_gov_ro.streets
http://data.gov.ro/dataset/nomenclator-strazi-judetul-covasna,data_gov_ro.streets
http://data.gov.ro/dataset/nomenclator-strazi-judetul-caras-severin,data_gov_ro.streets
http://data.gov.ro/dataset/nomenclator-strazi-judetul-buzau,data_gov_ro.streets
http://data.gov.ro/dataset/nomenclator-strazi-judetul-galati,data_gov_ro.streets
http://data.gov.ro/dataset/nomenclator-strazi-judetul-sibiu,data_gov_ro.streets
http://data.gov.ro/dataset/nomenclator-strazi-judetul-dolj,data_gov_ro.streets
http://data.gov.ro/dataset/nomenclator-strazi-judetul-calarasi,data_gov_ro.streets
http://data.gov.ro/dataset/nomenclator-strazi-judetul-gorj,data_gov_ro.streets
http://data.gov.ro/dataset/nomenclator-strazi-judetul-giurgiu,data_gov_ro.streets
http://data.gov.ro/dataset/nomenclator-strazi-judetul-neamt,data_gov_ro.streets
http://data.gov.ro/dataset/nomenclator-strazi-judetul-tulcea,data_gov_ro.streets
http://data.gov.ro/dataset/nomenclator-strazi-judetul-olt,data_gov_ro.streets
http://data.gov.ro/dataset/nomenclator-strazi-judetul-valcea,data_gov_ro.streets
http://data.gov.ro/dataset/nomenclator-strazi-judetul-hunedoara,data_gov_ro.streets
http://data.gov.ro/dataset/nomenclator-strazi-judetul-salaj,data_gov_ro.streets
http://data.gov.ro/dataset/nomenclator-strazi-judetul-timis,data_gov_ro.streets
http://data.gov.ro/dataset/nomenclator-strazi-judetul-vaslui,data_gov_ro.streets
http://data.gov.ro/dataset/nomenclator-strazi-judetul-mehedinti,data_gov_ro.streets
http://data.gov.ro/dataset/nomenclator-strazi-judetul-prahova,data_gov_ro.streets
http://data.gov.ro/dataset/nomenclator-strazi-judetul-braila,data_gov_ro.streets
http://data.gov.ro/dataset/nomenclator-strazi-judetul-maramures,data_gov_ro.streets
http://data.gov.ro/dataset/nomenclator-strazi-judetul-vrancea,data_gov_ro.streets
http://data.gov.ro/dataset/nomenclator-strazi-judetul-teleorman,data_gov_ro.streets
http://data.gov.ro/dataset/nomenclator-strazi-judetul-botosani,data_gov_ro.streets
http://data.gov.ro/dataset/nomenclator-strazi-judetul-bistrita,data_gov_ro.streets
http://data.gov.ro/dataset/nomenclator-strazi-judetul-bacau,data_gov_ro.streets
http://data.gov.ro/dataset/nomenclator-strazi-judetul-arges,data_gov_ro.streets
http://data.gov.ro/dataset/nomenclator-strazi-judetul-arad,data_gov_ro.streets
http://data.gov.ro/dataset/nomenclator-strazi-judetul-ilfov,data_gov_ro.streets
http://data.gov.ro/dataset/nomenclator-strazi-judetul-iasi,data_gov_ro.streets
http://data.gov.ro/dataset/nomenclator-strazi-municipiul-bucuresti,data_gov_ro.streets
http://data.gov.ro/dataset/nomenclator-strazi-judetul-alba,data_gov_ro.streets
http://data.gov.ro/dataset/nomenclator-strazi-judetul-mures,data_gov_ro.streets
http://data.gov.ro/dataset/nomenclator-strazi-judetul-brasov,data_gov_ro.streets
http://data.gov.ro/dataset/nomenclator-strazi-judetul-satu-mare,data_gov_ro.streets
http://data.gov.ro/dataset/nomenclator-strazi-judetul-bihor,data_gov_ro.streets
http://data.gov.ro/dataset/nomenclator-str-judetul-harghita,data_gov_ro.streets
http://data.gov.ro/dataset/nomenclatoare-strazi-judetul-ialomita,data_gov_ro.streets
http://data.gov.ro/dataset/coduri-postale-romania,data_gov_ro.postal_codes
http://data.gov.ro/dataset/unitati-administrativ-teritoriale,data_gov_ro.administrative_boundaries
